id;label;file_name;youbue_id;youtube_link
1;Workload1;Workload1_vQtLX6pW5eA.mp4;vQtLX6pW5eA;https://www.youtube.com/watch?v=vQtLX6pW5eA
2;Workload2;Workload2_EWUdGRAwUpY.mp4;EWUdGRAwUpY;https://www.youtube.com/watch?v=EWUdGRAwUpY
3;Workload3;Workload3_de2Hsvxaf8M.mp4;de2Hsvxaf8M;https://www.youtube.com/watch?v=de2Hsvxaf8M
4;Workload4;Workload4_ESjTlD606aQ.mp4;ESjTlD606aQ;https://www.youtube.com/watch?v=ESjTlD606aQ
5;Workload5;Workload5_tGNBdjVO04Y.mp4;tGNBdjVO04Y;https://www.youtube.com/watch?v=tGNBdjVO04Y
6;Workload6;Workload6_JoWIjjZ6a-k.mp4;JoWIjjZ6a-k;https://www.youtube.com/watch?v=JoWIjjZ6a-k
7;Workload7;Workload7_5XVCf-CAEPk.mp4;5XVCf-CAEPk;https://www.youtube.com/watch?v=5XVCf-CAEPk
8;Workload8;Workload8_AZ4tesVagso.mp4;AZ4tesVagso;https://www.youtube.com/watch?v=AZ4tesVagso
9;Workload9;Workload9_RuL5jVqc4Tg.mp4;RuL5jVqc4Tg;https://www.youtube.com/watch?v=RuL5jVqc4Tg
10;Workload10;Workload10_tznWpTAV41M.mp4;tznWpTAV41M;https://www.youtube.com/watch?v=tznWpTAV41M
